Combo,Year,"adolescent fertility rate (births per 1,000 women ages 15-19)","age dependency ratio, old","birth rate, crude (per 1,000 people)","fertility rate, total (births per woman)","gni per capita, atlas method (current us$)","immunization, bcg (% of one-year-old children)","improved water source, urban (% of urban population with access)",incidence of hiv (% of uninfected population ages 15-49),"labor force, female (% of total labor force)","life expectancy at birth, total (years)",newborns protected against tetanus (%),number of people who are undernourished,"people practicing open defecation, urban (% of urban population)",population growth (annual %),"population, female (% of total)","population, male (% of total)",prevalence of anemia among children (% of children under 5),"prevalence of hiv, female (% ages 15-24)","prevalence of hiv, male (% ages 15-24)","prevalence of hiv, total (% of population ages 15-49)",prevalence of undernourishment (% of population),"primary completion rate, female (% of relevant age group)",rural population,rural population (% of total population),rural population growth (annual %),"school enrollment, primary, female (% gross)","school enrollment, primary, male (% gross)","school enrollment, secondary, female (% gross)","school enrollment, secondary, male (% net)","unemployment, female (% of female labor force)","unemployment, male (% of male labor force)",urban population (% of total),urban population growth (annual %)
Fragile and conflict affected situations,1975,13.0976058461159,6.16812354354597,4.535288188026771,6.669311003050621,,67.880690605949,83.81732844851949,0.204250752358055,40.3969397920395,49.1881445042159,54.6662629732221,70650000.0,5.561961556651344,2.82405933163759,50.230962120914896,49.769037879085104,61.9159557220336,1.2046154325149498,0.727265100027096,2.11790462775213,,35.029540000000004,128407347.0,74.2203962941553,2.24107903073836,57.54996,82.74225,16.58596,32.49741,8.7596347453384,7.118174037782535,25.779603705844696,4.55884853095641
Fragile and conflict affected situations,1976,12.9511900727186,6.21314747936,4.51944911838465,6.649339764359749,,67.880690605949,83.81732844851949,0.204250752358055,40.3969397920395,49.6268022782866,54.6662629732221,70650000.0,5.561961556651344,2.9112796798177003,50.2221026697574,49.7778973302426,61.9159557220336,1.2046154325149498,0.727265100027096,2.11790462775213,,35.96798,131388325.0,73.79137384926409,2.3215011209600096,58.63736,84.44479,17.11616,32.49741,8.7596347453384,7.118174037782535,26.2086261507359,4.62912799874819
Fragile and conflict affected situations,1977,12.7988011545796,6.23459004700313,4.50228455228769,6.62635734412243,,67.880690605949,83.81732844851949,0.204250752358055,40.3969397920395,50.0424471260184,54.6662629732221,70650000.0,5.561961556651344,2.9675179913882297,50.2128541215744,49.7871458784256,61.9159557220336,1.2046154325149498,0.727265100027096,2.11790462775213,,37.67022,134516575.0,73.3663701861884,2.38091930923086,60.17951,85.31855,17.59594,32.49741,8.7596347453384,7.118174037782535,26.633629813811602,4.6438491279458
Fragile and conflict affected situations,1978,12.5794289182463,6.23716766436051,4.4830249264513,6.59931840412189,,67.880690605949,83.81732844851949,0.204250752358055,40.3969397920395,50.4413302401044,54.6662629732221,70650000.0,5.561961556651344,2.9584607341081397,50.2034859114357,49.7965140885643,61.9159557220336,1.2046154325149498,0.727265100027096,2.11790462775213,,38.97228,137725203.0,72.953192340556,2.3853030751043196,61.082969999999996,85.21589,18.213820000000002,32.49741,8.7596347453384,7.118174037782535,27.046807659444,4.562510708795901
Fragile and conflict affected situations,1979,12.360664254588901,6.22591731476352,4.46114806533164,6.56765014385852,,67.880690605949,83.81732844851949,0.204250752358055,40.3969397920395,50.8324246749969,54.6662629732221,70650000.0,5.561961556651344,2.8694964600858097,50.194293404258204,49.805706595741704,61.9159557220336,1.2046154325149498,0.727265100027096,2.11790462775213,,39.79585,141017530.0,72.6094259625579,2.39050437268189,63.59001,86.54342,19.11887,32.49741,8.7596347453384,7.118174037782535,27.3905740374422,4.1828156436353705
Fragile and conflict affected situations,1980,12.1442877781415,6.2042793817780995,4.43610937464261,6.530019152029671,,67.880690605949,83.81732844851949,0.204250752358055,40.3969397920395,51.2257373017966,54.6662629732221,70650000.0,5.561961556651344,2.7318031079328597,50.1854412854646,49.8145587145354,61.9159557220336,1.2046154325149498,0.727265100027096,2.11790462775213,,40.76377,144208436.0,72.2740337706681,2.26277257869995,66.75976999999999,88.74786,19.79798,32.49741,8.7596347453384,7.118174037782535,27.7259662293319,3.9953247104115897
Fragile and conflict affected situations,1981,11.9274325221421,6.243308881526559,4.397795948634629,6.485158635655759,,37.4466530715199,83.81732844851949,0.204250752358055,40.3969397920395,51.737045840513495,54.6662629732221,70650000.0,5.561961556651344,2.5895633476263398,50.176594851047795,49.823405148952205,61.9159557220336,1.2046154325149498,0.727265100027096,2.11790462775213,,42.01923,147251915.0,71.9335696764593,2.1104722333997,69.52871,90.43907,20.70385,32.49741,8.7596347453384,7.118174037782535,28.066430323540697,3.8535841697103703
Fragile and conflict affected situations,1982,11.7102137873995,6.262474732999739,4.3682933650162,6.43497370278995,,36.7322270903905,83.81732844851949,0.204250752358055,40.3969397920395,52.151448926354895,54.6662629732221,70650000.0,5.561961556651344,2.4779917980357595,50.167633201342106,49.832366798657894,61.9159557220336,1.2046154325149498,0.727265100027096,2.11790462775213,,42.48775,150191060.0,71.5923496862886,1.99599781096225,70.34106,87.84595999999999,21.554560000000002,32.49741,8.7596347453384,7.118174037782535,28.4076503137114,3.7280526670025598
Fragile and conflict affected situations,1983,11.5450082691743,6.26303184700917,4.332510315893311,6.37985367624564,,40.7410494706126,83.81732844851949,0.204250752358055,40.3969397920395,52.5719807222521,54.6662629732221,70650000.0,5.561961556651344,2.40638073615371,50.15907634971111,49.84092365028889,61.9159557220336,1.2046154325149498,0.727265100027096,2.11790462775213,,43.46051,152964446.0,71.19897628467619,1.84657195974248,70.61455,88.47508,22.23067,32.49741,8.7596347453384,7.118174037782535,28.8010237153238,3.8273823934476603
Fragile and conflict affected situations,1984,11.3794415694022,6.24598295897358,4.2989139086616,6.32059309161425,,41.3241810888946,83.81732844851949,0.204250752358055,40.3969397920395,52.9907463943454,16.9223343260467,70650000.0,5.561961556651344,2.3851603859602997,50.1515963470609,49.8484036529391,61.9159557220336,1.2046154325149498,0.727265100027096,2.11790462775213,,44.96203,155632401.0,70.75146059964159,1.7441667457808998,71.04808,88.78068,22.91021,32.49741,8.7596347453384,7.118174037782535,29.2485394003584,3.9786430188155197
Fragile and conflict affected situations,1985,11.2146545855006,6.212892655966099,4.26113396385292,6.258140234946951,,45.3643344429943,83.81732844851949,0.204250752358055,40.3969397920395,53.39690919625399,22.4487101340099,70650000.0,5.561961556651344,2.40241311533451,50.145421146089895,49.854578853910105,61.9159557220336,1.2046154325149498,0.727265100027096,2.11790462775213,,45.12294,158347314.0,70.2954291022545,1.74443944998318,69.54043,88.71486,23.20913,32.49741,8.7596347453384,7.118174037782535,29.704570897745498,4.0011338833654
Fragile and conflict affected situations,1986,11.050165183571801,6.24500511745987,4.22348293577716,6.19181183620051,,49.512950776835204,83.81732844851949,0.204250752358055,40.3969397920395,53.781041753542496,27.6745650885715,70650000.0,5.561961556651344,2.41490550187771,50.1413729347876,49.8586270652124,61.9159557220336,1.2046154325149498,0.727265100027096,2.11790462775213,,45.0948,161128436.0,69.8417035372854,1.7563430220231,70.07797,88.83221,23.38505,32.49741,8.7596347453384,7.118174037782535,30.1582964627146,3.9817810271584304
Fragile and conflict affected situations,1987,10.8883524642361,6.25694563716819,4.1859614547596005,6.123167918955111,,58.379856006461,83.81732844851949,0.204250752358055,40.3969397920395,54.138511856837596,31.1401768754498,70650000.0,5.561961556651344,2.42631139169171,50.138756650878705,49.861243349121295,61.9159557220336,1.2046154325149498,0.727265100027096,2.11790462775213,,44.68445,163968170.0,69.3873424768861,1.7624039992543603,69.93542,86.06865,23.62464,32.49741,8.7596347453384,7.118174037782535,30.6126575231139,3.97194746848699
Fragile and conflict affected situations,1988,10.7882237499401,6.252412324421849,4.14835007446776,6.05279770788685,,63.919916269501,83.81732844851949,0.204250752358055,40.3969397920395,54.453863285345896,36.700679413848,70650000.0,5.561961556651344,2.4751321269023503,50.1347196285362,49.8652803714638,61.9159557220336,1.2046154325149498,0.727265100027096,2.11790462775213,,45.09938,167021507.0,68.9707507844237,1.8621522701631799,69.68385,86.50622,23.82281,32.49741,8.7596347453384,7.118174037782535,31.0292492155763,3.8719757643260095
Fragile and conflict affected situations,1989,10.6929966507419,6.23514696004523,4.11105310186496,5.98229847914876,,70.4644360627133,83.81732844851949,0.204250752358055,40.3969397920395,54.7361785448969,40.8244176088116,70650000.0,5.561961556651344,2.5645555712557004,50.1257286833324,49.8742713166676,61.9159557220336,1.2046154325149498,0.727265100027096,2.11790462775213,,45.14719,170316270.0,68.5699790706889,1.9726579284187702,67.82849,84.31527,23.918039999999998,32.49741,8.7596347453384,7.118174037782535,31.430020929311105,3.8934220224185196
Fragile and conflict affected situations,1990,10.602279085480998,6.19427651561299,4.08090366845662,5.91908562459399,,77.0612929403181,85.7997287734888,0.32266953215162103,39.8233616231915,55.082016884829905,50.6519775490137,70650000.0,5.561961556651344,3.46568488391397,50.104419413635206,49.895580586364794,69.03167608251579,1.07619913983391,0.645610515216962,1.47719801462237,,45.75371,174481104.0,67.88629457888311,2.44535298947071,65.2894,81.3314,23.0374,32.49741,8.7596347453384,7.118174037782535,32.113705421117004,5.72798806971511
Fragile and conflict affected situations,1991,10.5143832150286,6.22378747943617,4.04858644499811,5.852332808484349,,63.0124169288747,84.6076537801872,0.3510643202044261,39.81845344166779,55.293082849027996,48.6984510166296,60400000.0,5.454105574785099,2.81395820139964,50.08085167889279,49.91914832110721,68.5424390813091,1.21110968735993,0.7506346203855591,1.68880209790343,,46.54354,178308860.0,67.4726237962354,2.19379400533826,69.29603,85.40085,23.37356,32.49741,8.605629888935619,7.220450397023949,32.5273762037645,4.14480965259729
Fragile and conflict affected situations,1992,10.435421610069,6.24015757335596,4.01753342006302,5.789198487597231,,64.0433147214122,84.55261216476009,0.36969894801507897,39.841962792055995,55.4713571566033,48.06369342795529,64300000.0,5.52742544733776,2.9090435047157,50.0517208890283,49.9482791109717,68.0296474726032,1.34102804843846,0.82129977377874,1.9121300615462398,,46.404540000000004,182480673.0,67.0940693011705,2.3396554719714997,68.62273,84.65768,23.29586,26.847490000000004,8.65861670463387,7.33975518416172,32.9059306988294,4.114822736021241
Fragile and conflict affected situations,1993,10.3899147291365,6.245599305801701,3.99162308883612,5.728186025601519,,65.6785982379418,83.130022946889,0.3722785638877171,39.8866107927981,55.62510435519629,50.0050017734191,66800000.0,5.868169128720571,2.9341159338428504,50.0218940369877,49.9781059630123,67.449371302074,1.4529101983161898,0.8809898173561059,2.11790462775213,,47.566359999999996,186908832.0,66.7576447166454,2.426645478231,68.78324,84.96338,23.132460000000002,26.8937,8.54648707575134,7.119716491359051,33.2423552833545,3.99529788149351
Fragile and conflict affected situations,1994,10.3400089561387,6.241984969962981,3.96713460909404,5.668304573370321,,64.7250889193875,83.0136595366923,0.368818163881619,39.8998399319741,55.7609815583158,51.5709749598959,70500000.0,6.03048257508275,2.87206453010471,49.997298230998794,50.002701769001206,66.8363330535122,1.55124208672003,0.928318748321144,2.28313306677027,,46.70238,191602887.0,66.51796037214059,2.5114142278734,68.93575,85.40324,23.351979999999998,27.696590000000004,8.65076816579336,7.21983425396917,33.4820396278594,3.62258110196865
Fragile and conflict affected situations,1995,10.2826523461014,6.230909701388541,3.94406592601674,5.60809530965822,,66.3844866973094,82.97908242665329,0.355542553687589,39.9368847497744,55.8881007803963,51.8568070175155,72300000.0,6.056720495129089,2.7570245172033503,49.981374287487796,50.018625712512204,66.10830989442229,1.6293760446122199,0.9661307654633571,2.44315185148529,,46.73964,196151583.0,66.2648692852662,2.3740226836978597,68.57149,86.0583,24.81267,28.498659999999997,8.57544430934545,7.024967145812781,33.7351307147338,3.5418329614230495
Fragile and conflict affected situations,1996,10.2154351417655,6.23114801252767,3.9210463096583097,5.544925260292361,,65.5873925861592,82.99748309764,0.339228249519285,40.0098673443646,56.0178378951614,52.1636069387148,73700000.0,6.01830594511703,2.6265735331718196,49.975392091718206,50.024607908281794,65.3424587555897,1.66024750607099,0.9811201639616249,2.5417012177890697,,47.148559999999996,200523659.0,66.0030514333646,2.2289272067715,67.62279000000001,85.31087,25.09862,28.698659999999997,8.75272266252437,7.121257991968349,33.996948566635396,3.4309836951980097
Fragile and conflict affected situations,1997,10.1428487461429,6.215498055021559,3.8968532920450203,5.48122207919999,,65.3914798271815,82.97366224391241,0.32021071463198,40.0890926120481,56.1605510230586,52.2046190213457,73800000.0,6.00231013590567,2.52461449313677,49.9770575718371,50.0229424281629,64.53262699203421,1.6448866829005,0.9524729117140591,2.62882773170315,,47.15255,204690525.0,65.7102551588919,2.0779922034038,67.22219,84.92591999999999,25.40689,28.925240000000002,8.75308901672585,7.1166315842060195,34.2897448411081,3.4158921023387303
Fragile and conflict affected situations,1998,10.0651114548168,6.186633720144219,3.87414495018144,5.416944132761509,,64.7545436832508,83.0585669888071,0.296854791139139,40.1335719831062,56.3175196947939,54.6662629732221,74000000.0,5.805150084416901,2.40430994436048,49.9820523908107,50.0179476091893,63.70673280962689,1.6332659899793798,0.943826764062739,2.6820976381256,,47.40351,208754636.0,65.40662117825461,1.98549053504064,67.37402,84.87229,25.84246,29.15312,8.832384518806538,7.119944143933929,34.593378821745404,3.3662026024096696
Fragile and conflict affected situations,1999,9.99532541391601,6.14610085383327,3.8518645465767998,5.35372210864438,,67.2465309709471,83.1187260333698,0.27851043315408197,40.213818543939794,56.491404727897795,53.7087993716053,74600000.0,5.74676825172171,2.3833354213741402,49.9845124378049,50.0154875621951,62.8950639237492,1.56839631798365,0.915117905770547,2.68268176708742,,47.823840000000004,212848282.0,65.0868401789556,1.9609844736573798,66.55723,81.95352,26.05256,29.359509999999997,8.48016837232538,6.8575900256548294,34.913159821044395,3.4090905385702404
Fragile and conflict affected situations,2000,9.937146088898348,6.096015984947099,3.8276821500383797,5.29242133153395,,70.3769524015677,83.1760560279217,0.255376001180618,40.2954802315288,56.7221696448769,57.226124474886895,75400000.0,5.683057272869671,2.4713971017871,49.9809160723079,50.0190839276921,62.229679533365704,1.4968296173492301,0.882145308889813,2.66850628796269,,49.044909999999994,217093777.0,64.7636015380773,1.99461088438571,67.7751,83.24975,27.311320000000002,30.23815,8.7295980009301,7.0131206555381596,35.236398461922704,3.45268895006896
Fragile and conflict affected situations,2001,9.890978733089069,6.0873491957985495,3.80201241659965,5.23417209116437,,68.51485024095089,83.23157823373309,0.228630880467502,40.344716117462504,56.99045027417971,60.236205247404,75800000.0,5.6260812575193295,2.53846501257364,49.970041786799094,50.029958213200906,61.602231910701505,1.4012579244521002,0.8489682525998069,2.59233179799921,,50.38532,221435723.0,64.4156547944126,2.00003245602014,69.30291,85.40734,27.587490000000003,31.22415,8.855638393796099,7.12447559218757,35.5843452055874,3.5636485833885803
Fragile and conflict affected situations,2002,9.852871888089778,6.06559640814183,3.77590908118381,5.177059571207019,,69.9902141874701,83.6983996753312,0.204250752358055,40.3969397920395,57.296949887470795,66.1124462058398,76100000.0,5.564653008593639,2.56774930585033,49.95408133024161,50.04591866975839,61.14754796890389,1.30484813355714,0.791019291545361,2.51690831306321,,51.0401,225925637.0,64.06872155301211,2.02763760931202,73.3141,90.79566,28.795,31.655590000000004,8.82069585390318,7.22242677833094,35.9312784469879,3.58023701483366
Fragile and conflict affected situations,2003,9.799583792473552,6.03466427639243,3.74790530868085,5.12009969469503,,71.4175400015375,83.72211417122699,0.18151180910048198,40.4443973203557,57.63697593010679,68.8652658142815,75400000.0,5.481227351528539,2.58142864997465,49.9370016144627,50.0629983855373,60.78368831380071,1.2046154325149498,0.727265100027096,2.40163944997427,,53.40591,230592448.0,63.739038126973,2.0656402973868797,77.34761999999999,94.61416,30.834490000000002,33.33923,8.92244932649909,8.02474196021755,36.260961873027,3.5348957973695896
Fragile and conflict affected situations,2004,9.744159254467629,5.9985751333633495,3.72054885837089,5.06231883871179,,73.0901790052446,83.764992486813,0.16293037309072303,40.4633110496804,58.0049767124796,73.9154520400384,74600000.0,5.43392787824683,2.5731472575630496,49.923931329354495,50.076068670645505,60.3854043794508,1.1220210805141,0.668448749944932,2.2993681948193596,,54.97831,235317233.0,63.4060268397213,2.04897646951561,79.16043,98.86596999999999,32.14784,35.48787,8.84211117371753,7.80333332248806,36.5939731602787,3.52705982616703
Fragile and conflict affected situations,2005,9.68331227795284,5.960274475430309,3.69075271470768,5.002778010500379,,75.69482740877591,83.81732844851949,0.14851403489628698,40.439405132028796,58.394196890905,72.5233517433186,72900000.0,5.37611730823588,2.54963270712594,49.9179423564295,50.0820576435705,60.0251946679986,1.02490787807277,0.609515465604807,2.1802228450154297,,56.65511,239989498.0,63.050227893245,1.98551756725782,81.7672,98.54308,33.26955,35.905879999999996,8.599068361772371,7.10752580325004,36.949772106755,3.55821862929604
Fragile and conflict affected situations,2006,9.61917041092897,5.9707622307181705,3.6576419499538004,4.93900581074964,,77.54098394524921,83.8959315814886,0.13712349251518802,40.4611264384639,58.79860275231071,73.15397929230829,70800000.0,5.301329789620691,2.53071560188509,49.9198944663025,50.0801055336975,59.5435286871326,0.9569687524705199,0.571169433868493,2.07566651301053,,57.67567,244655158.0,62.6847769261983,1.9441100710165102,84.36598000000001,100.82967,34.53951,37.22927,8.7266147940228,7.08714420938568,37.315223073801704,3.5525984649972497
Fragile and conflict affected situations,2007,9.55057496048407,5.974669400824599,3.62309137696757,4.8741363157314,,80.31929878234159,83.993150622274,0.12911918472216602,40.4718745205954,59.2078217814429,73.9056288448332,68300000.0,5.22709359010938,2.5126646589845203,49.9276974275965,50.0723025724035,58.9429342733931,0.8908457390595791,0.527828780518046,1.97575525779531,,58.7292,249307003.0,62.306423645541,1.9013884841128101,85.64875,102.05360999999999,35.07846,37.5563,8.75836658556082,7.04711316034997,37.693576354459,3.5596744522459103
Fragile and conflict affected situations,2008,9.41304258656468,5.971416202264191,3.5855749622702704,4.80884994795046,,79.3241090407111,83.97562016070209,0.12150983891465401,40.5365847125398,59.6112201299788,76.93292809554279,66000000.0,5.19181434455693,2.49071236569327,49.93786897076821,50.06213102923179,58.335769469734004,0.8353048209437449,0.505294097188503,1.9010195918047899,,60.25821,253954503.0,61.9211240458376,1.8641674498008503,89.43726,105.19514,36.80764,39.270509999999994,8.76090290511598,7.269192275406799,38.0788759541624,3.5457306291508197
Fragile and conflict affected situations,2009,9.271206033460341,5.959366634255941,3.5483277185021294,4.74324234680065,,81.094267968016,84.0262773545158,0.11675331639128901,40.556098955916205,59.9992858747058,81.1890123630981,64100000.0,5.13226826337468,2.45850409584814,49.9459413358228,50.0540586641772,57.75683047252,0.795685025546141,0.483938928751368,1.82249271599009,,61.44375,258583295.0,61.5326380408346,1.8226855382832199,90.76343,105.6283,38.07777,40.440259999999995,8.81280054015488,6.98491323479301,38.467361959165395,3.51091155074887
Fragile and conflict affected situations,2010,9.125528925430771,5.9601763451062695,3.51026033704213,4.6783149322031905,,82.93576358153359,84.05950735278,0.103613071728401,40.583718491592606,60.3684596984922,78.5836695787536,61900000.0,5.11035183216119,2.42325138234479,49.943288639281796,50.056711360718204,57.2619338042284,0.7430333236619058,0.445371469260172,1.74963352435132,,62.7705,263194082.0,61.14400708158529,1.7830954625278401,92.06846999999999,106.12093,39.163090000000004,41.21577,8.93819881008618,6.967235029104151,38.8559929184147,3.46486605091245
Fragile and conflict affected situations,2011,8.97911679053132,5.9519855493591605,3.47185135264868,4.61421692353963,,78.50733733599309,84.00831446892991,0.100513755452954,40.636993646297796,60.719892231031196,75.2543534583958,60800000.0,5.530446590928861,2.38535838440406,49.9466713612428,50.0533286387572,56.8087195239485,0.7211022709330308,0.43853899213713504,1.6829727357435802,,63.665009999999995,267776103.0,60.7554236540851,1.74092858212518,93.40015,107.10085,40.104209999999995,41.64694,9.03362364797895,6.97762790648939,39.2445763459149,3.4156271010527903
Fragile and conflict affected situations,2012,8.82716111045271,5.95171756099076,3.4337106075893002,4.55042404901382,,83.03695145489091,84.4197469717492,0.096292333223812,40.6551532134729,61.060672483366396,74.8307234098777,60800000.0,5.559270104709049,2.35255934985059,49.9401512297081,50.0598487702919,61.9159557220336,0.670118725822754,0.432497440919945,1.62960783048287,,64.78017,272337513.0,60.366381225314996,1.70344177426468,95.63691999999999,109.03716999999999,40.90041,42.13494,9.05201119525023,6.98934308454936,39.633618774685004,3.3735975996243197
Fragile and conflict affected situations,2013,8.688425271342979,5.94794710758394,3.39600229517479,4.48699081696078,,82.71262581377741,85.0918877939906,0.0927360438447378,40.692502528131,61.3944450692562,74.8739904650602,61600000.0,5.7163893898980405,2.33792610223857,49.9315067639775,50.0684932360225,61.9159557220336,0.6544392094230279,0.41802040988183503,1.58508039740881,,63.59075,276915125.0,59.974991768638404,1.68085988212722,95.21649000000001,108.21761000000001,39.59151,40.4492,9.062933054772909,7.01452119393493,40.0250082313617,3.35509015815691
Fragile and conflict affected situations,2014,8.54280431224443,5.95292440403234,3.3588465854611598,4.423106666822769,,81.0307122425629,85.1314632751275,0.0881686096541589,40.68989160759529,61.7210708040751,77.405227771506,63100000.0,5.70100894456689,2.3427766864991804,49.923412233105005,50.076587766894995,61.9159557220336,0.635827848972049,0.413869872728492,1.5455497317189602,,46.73964,281552020.0,59.577313368275,1.67448238878249,69.52871,86.54342,23.918039999999998,32.49741,9.00730988314852,7.14368279303763,40.422686631725,3.3701156580486
Heavily indebted poor countries (HIPC),1975,14.939847895659302,5.55968356353238,4.77730760369069,6.9090627792078205,232.433555602989,68.35462521382905,82.67935752232108,0.355372632126187,45.026562543174,45.6891286587323,57.145364172634544,135200000.0,10.0980133668638,2.68608999876234,50.3326276166951,49.6673723833049,70.60532676610813,1.87259612319053,0.9664171056568649,3.51272190999805,34.38615840132065,26.51427,193911807.0,81.503317565716,2.1033053303152203,44.28415,64.21195999999999,9.26425,21.671595,8.578349463731978,6.07717599617611,18.496682434284,5.3353459349764005
Heavily indebted poor countries (HIPC),1976,14.9431567173331,5.62819817942164,4.773546931833001,6.914727224075951,245.792278969077,68.35462521382905,82.67935752232108,0.355372632126187,45.026562543174,46.060601895274104,57.145364172634544,135200000.0,10.0980133668638,2.6845856850975003,50.3261886104686,49.6738113895314,70.60532676610813,1.87259612319053,0.9664171056568649,3.51272190999805,34.38615840132065,27.386359999999996,197932439.0,81.0182305627621,2.07343331084529,46.79929,67.31893000000001,9.608839999999999,21.671595,8.578349463731978,6.07717599617611,18.9817694372379,5.37755234649279
Heavily indebted poor countries (HIPC),1977,14.946298555750499,5.67947794055259,4.76842712432741,6.91745873087803,260.783156515878,68.35462521382905,82.67935752232108,0.355372632126187,45.026562543174,46.4138147590094,57.145364172634544,135200000.0,10.0980133668638,2.68288406303753,50.3211767161665,49.6788232838335,70.60532676610813,1.87259612319053,0.9664171056568649,3.51272190999805,34.38615840132065,28.850859999999997,202019967.0,80.5308024727409,2.06511273273402,49.44145,69.95461999999999,10.134960000000001,21.671595,8.578349463731978,6.07717599617611,19.4691975272591,5.31966371907056
Heavily indebted poor countries (HIPC),1978,14.891621975201701,5.71654509296668,4.76172336040271,6.91725015969479,292.82450020757597,68.35462521382905,82.67935752232108,0.355372632126187,45.026562543174,46.7505626980063,57.145364172634544,135200000.0,10.0980133668638,2.67002582451255,50.3169891069617,49.6830108930383,70.60532676610813,1.87259612319053,0.9664171056568649,3.51272190999805,34.38615840132065,30.52093,206132965.0,80.03344365221291,2.03593637850659,51.91871,71.86646,10.62299,21.671595,8.578349463731978,6.07717599617611,19.9665563477871,5.29282156818616
Heavily indebted poor countries (HIPC),1979,14.840231193325499,5.74062909435413,4.75320655769141,6.91397075544965,335.78033699163996,68.35462521382905,82.67935752232108,0.355372632126187,45.026562543174,47.07260230374229,57.145364172634544,135200000.0,10.0980133668638,2.64400750687605,50.3128569805404,49.6871430194596,70.60532676610813,1.87259612319053,0.9664171056568649,3.51272190999805,34.38615840132065,31.472540000000002,210479663.0,79.6160433112199,2.10868649757209,53.722080000000005,73.85002,11.15307,21.671595,8.578349463731978,6.07717599617611,20.383956688780103,4.78977481435791
Heavily indebted poor countries (HIPC),1980,14.792362037458698,5.752064402986949,4.7428439629548205,6.907223961507079,370.75971111397104,68.35462521382905,82.67935752232108,0.355372632126187,45.026562543174,47.38453870580529,57.145364172634544,135200000.0,10.0980133668638,2.61287655701001,50.30831733443811,49.69168266556189,70.60532676610813,1.87259612319053,0.9664171056568649,3.51272190999805,34.38615840132065,32.72892,214888889.0,79.2141103779456,2.09484656957095,56.23664,76.05091999999999,11.93401,21.671595,8.578349463731978,6.07717599617611,20.7858896220544,4.63620794689592
Heavily indebted poor countries (HIPC),1981,14.742821577373999,5.79660534290852,4.73062532462395,6.89690626060451,392.64986749623,35.4028076227769,82.67935752232108,0.355372632126187,45.026562543174,47.6919480961142,57.145364172634544,135200000.0,10.0980133668638,2.58129411820998,50.302962370201996,49.697037629798004,70.60532676610813,1.87259612319053,0.9664171056568649,3.51272190999805,34.38615840132065,34.54716,219346499.0,78.8226669203251,2.0743790061663003,58.03519,77.58637,12.57736,21.671595,8.578349463731978,6.07717599617611,21.1773330796749,4.51312536141887
Heavily indebted poor countries (HIPC),1982,14.695002798522898,5.818340456222,4.7167246579768705,6.88343546436125,363.44188836025904,35.884346941015,82.67935752232108,0.355372632126187,45.026562543174,47.9970946144872,57.145364172634544,135200000.0,10.0980133668638,2.56292569456346,50.297078744020006,49.702921255979994,70.60532676610813,1.87259612319053,0.9664171056568649,3.51272190999805,34.38615840132065,35.52142,223842348.0,78.4282036034313,2.04965614700785,58.489090000000004,75.52427,13.22933,21.671595,8.578349463731978,6.07717599617611,21.5717963965688,4.4733303010225995
Heavily indebted poor countries (HIPC),1983,14.638210218825,5.82168480105217,4.701427947893889,6.8670090567746405,320.138757369986,39.5006048915718,82.67935752232108,0.355372632126187,45.026562543174,48.29842072660029,14.8203032282004,135200000.0,10.0980133668638,2.56945150347714,50.2916710415071,49.7083289584929,70.60532676610813,1.87259612319053,0.9664171056568649,3.51272190999805,34.38615840132065,36.68251,228350259.0,78.0033924076991,2.0138776421341,58.72838,75.34948,13.67994,21.671595,8.578349463731978,6.07717599617611,21.996607592300897,4.58934174044721
Heavily indebted poor countries (HIPC),1984,14.578570713643298,5.811199409830119,4.68491857839254,6.8474629720522495,305.46439751247004,38.2717067742828,82.67935752232108,0.355372632126187,45.026562543174,48.591244462129495,17.7360513502159,135200000.0,10.0980133668638,2.60644172567849,50.2880342147616,49.711965785238505,70.60532676610813,1.87259612319053,0.9664171056568649,3.51272190999805,34.38615840132065,39.84039,232922763.0,77.5441941855288,2.0024080638332,58.77216,74.72949,13.958639999999999,21.671595,8.578349463731978,6.07717599617611,22.455805814471198,4.7484390954091
Heavily indebted poor countries (HIPC),1985,14.5156577076975,5.789535155226541,4.6672207207059095,6.8243634427133895,306.824370515985,43.0024061319829,82.67935752232108,0.355372632126187,45.026562543174,48.862146114766205,21.621284609141195,135200000.0,10.0980133668638,2.6643159455523198,50.2868223408358,49.7131776591642,70.60532676610813,1.87259612319053,0.9664171056568649,3.51272190999805,34.38615840132065,37.06139,237612583.0,77.0525956317273,2.0134657255461,57.44145,73.8921,14.0883,21.671595,8.578349463731978,6.07717599617611,22.9474043682727,4.911826355454981
Heavily indebted poor countries (HIPC),1986,14.4471941303876,5.843469286756529,4.64826846527075,6.79719074014239,344.257515689934,48.576829001235,82.67935752232108,0.355372632126187,45.026562543174,49.0942930100325,25.5222655158694,135200000.0,10.0980133668638,2.7184318198902404,50.2883363002312,49.7116636997688,70.60532676610813,1.87259612319053,0.9664171056568649,3.51272190999805,34.38615840132065,37.139359999999996,242552950.0,76.5730619847192,2.0791689302077,57.5242,73.43616,14.219570000000001,21.671595,8.578349463731978,6.07717599617611,23.4269380152808,4.86494324431899
Heavily indebted poor countries (HIPC),1987,14.3789704753112,5.882131657941481,4.62789437704073,6.765216279044501,398.56502300701897,57.4750463191589,82.67935752232108,0.355372632126187,45.026562543174,49.2768574167972,28.0745482606274,135200000.0,10.0980133668638,2.7670349228997497,50.291719670145795,49.708280329854205,70.60532676610813,1.87259612319053,0.9664171056568649,3.51272190999805,34.38615840132065,36.63042,247746544.0,76.1067600053041,2.14122071077676,57.07578,71.48488,14.45229,21.671595,8.578349463731978,6.07717599617611,23.893239994696003,4.812565292686339
Heavily indebted poor countries (HIPC),1988,14.308997359557,5.9061674241321205,4.60591775859247,6.72783254427863,417.77377760861395,59.9309458302425,82.67935752232108,0.355372632126187,45.026562543174,49.4091844882467,33.7467871706403,135200000.0,10.0980133668638,2.8282253515908904,50.2951514024389,49.7048485975611,70.60532676610813,1.87259612319053,0.9664171056568649,3.51272190999805,34.38615840132065,35.57293,253216411.0,75.6475978312457,2.2078479528658996,56.70496,71.82394000000001,14.856810000000001,21.671595,8.578349463731978,6.07717599617611,24.352402168754303,4.80430375135556
Heavily indebted poor countries (HIPC),1989,14.240526493265,5.91548325977103,4.58225589089981,6.6849815778092,394.512719688251,66.6071884070531,82.67935752232108,0.355372632126187,45.026562543174,49.504950145672204,40.719669941286895,135200000.0,10.0980133668638,2.90300052822023,50.2963818814367,49.7036181185633,70.60532676610813,1.87259612319053,0.9664171056568649,3.51272190999805,34.38615840132065,34.11325,259029259.0,75.2010791764133,2.2956047663119303,55.21201,69.56568,14.69389,21.671595,8.578349463731978,6.07717599617611,24.7989208235867,4.78979714025061
Heavily indebted poor countries (HIPC),1990,14.1737680189352,5.91080008405641,4.557348285084751,6.637885332219219,362.59970119980596,71.6543076358672,82.4880149803715,0.53260952820812,44.067961131592504,49.58981921426311,45.769496543076706,135200000.0,12.667992573893399,2.9802247332765,50.2940584229096,49.7059415770904,77.3529636721812,1.89234917111251,1.11496658256547,2.82245086106146,34.38615840132065,34.91917,265115973.0,74.7407263007053,2.34981716872377,54.026540000000004,67.77933,14.69576,21.671595,8.578349463731978,6.07717599617611,25.2592736992947,4.891893835556259
Heavily indebted poor countries (HIPC),1991,14.1089096921532,5.93348949442538,4.532036311730661,6.5867461342097195,346.704004780979,61.5384344820453,81.6847530785096,0.535846008272035,44.1635763942481,49.6936211223034,45.6457603506877,119000000.0,12.6810223260573,3.06361961719684,50.2879077786528,49.7120922213472,76.978515801191,2.01657828609654,1.14014897080022,3.09134867086586,40.6152523229748,35.8663,271685255.0,74.31596076774991,2.47788993083415,55.85785,69.47494,14.926870000000001,21.671595,8.76159538012368,6.232816813710179,25.6840392322501,4.7967597753853
Heavily indebted poor countries (HIPC),1992,14.0455121088792,5.9382733652022806,4.5070204691346,6.535148743404571,333.62821084073,62.283540533841105,81.8151203012037,0.5301508492187229,44.3011885519952,49.8368676239671,46.71081049448689,124400000.0,12.6177214018997,3.1266178001993,50.278780524622,49.721219475378,76.56183596506891,2.10368974790594,1.1539013132703,3.3098359072325296,40.7019246999815,35.197540000000004,278639780.0,73.9074759327902,2.5597727046320498,54.88598,67.92442,14.84844,16.85751,8.72986834369927,6.06872082905715,26.0925240672098,4.7667662679509
Heavily indebted poor countries (HIPC),1993,13.961764898867202,5.930141962164219,4.482616488038529,6.48352926568802,320.513250216349,63.7161087464656,80.82962178035159,0.522896756734292,44.337565089467894,50.0218402585174,48.612250813268794,127600000.0,12.5477010194436,3.1366104011168097,50.267866730054294,49.732133269945706,76.0998964421772,2.16328375090136,1.14742863351604,3.51272190999805,40.6738900955789,36.55577,285892844.0,73.5251100131269,2.60302531103061,55.09413000000001,67.96688,14.690470000000001,16.85468,8.748722513548241,6.2665667297779,26.4748899868731,4.6479983857170595
Heavily indebted poor countries (HIPC),1994,13.8723629017461,5.91485436238708,4.45870100200589,6.43211131246695,288.157315618717,68.0337573498839,80.86466830321659,0.506164911571288,44.41436347165379,50.237016937417,50.9918325817511,131300000.0,12.417882329858598,3.0830580697594905,50.2566756755921,49.7433243244079,75.5657921665718,2.19038858635912,1.14641114331144,3.65863915712869,41.0031767952074,35.470209999999994,293450425.0,73.2115914398043,2.643501283299,56.09092,69.05911,14.77161,17.31701,8.89854224715427,6.252940152086491,26.7884085601957,4.30377933390926
Heavily indebted poor countries (HIPC),1995,13.776052907251302,5.8961999938420595,4.434728896394629,6.3804166879682,292.367143005619,68.6340223226439,81.0008382599703,0.488911503212616,44.43953705017999,50.4733163887922,54.2265426280111,133800000.0,12.2073040654291,2.99153206445884,50.24618940426561,49.75381059573439,74.9288004063201,2.22064142371106,1.13401161215528,3.7921082484707997,40.641603708001796,35.41128,300996888.0,72.9131055687565,2.57163130705979,57.77762,72.45421999999999,15.635079999999999,17.75301,9.03501615573728,6.145213445275309,27.0868944312435,4.1391031340336
Heavily indebted poor countries (HIPC),1996,13.6760904839826,5.91604986138869,4.4101024026392,6.326544000210121,301.090809624067,66.5211336693283,81.1864920765155,0.4760037962353139,44.518874575252504,50.729991780295,53.3482381198993,135800000.0,11.931352221839099,2.88892580391853,50.236628087522796,49.763371912477204,74.21483448059149,2.19932486390629,1.1215656580058602,3.8763736548893397,39.9923465413195,36.19996,308471596.0,72.6256667453364,2.48331736904868,57.814009999999996,73.03775,15.76397,17.79026,8.87435364488963,6.17531396424024,27.3743332546636,3.9807515734578502
Heavily indebted poor countries (HIPC),1997,13.5698765296966,5.924016927352099,4.3841625968704605,6.27035565182495,309.368527335172,66.4214132081315,81.34816933298221,0.45351954087758206,44.6178006241946,51.0113251510535,55.7040203458409,136400000.0,11.566625323794,2.80860814553654,50.2276869993643,49.7723130006357,73.39296285651659,2.16828798684241,1.09252384597114,3.95001096901116,39.1363161029851,36.38313,315838580.0,72.3286984098563,2.38822118325604,61.48111,77.29598,15.98269,17.93655,8.85175665773368,6.08563116329507,27.6713015901437,3.92391873047282
Heavily indebted poor countries (HIPC),1998,13.435202508001998,5.920604921502759,4.356450293480569,6.2113613504894,303.623883492772,65.52991486266271,81.6121722703147,0.436349052682193,44.6941450009808,51.3242113836434,56.42825780909679,138100000.0,11.2886095635852,2.76540601625281,50.219143125550005,49.780856874449995,72.53878414611171,2.1267159555958797,1.07904635968805,3.9727379188340004,38.3626345549313,35.81597,323301337.0,72.0453623666795,2.3628389539998396,63.11744,78.97231,16.667839999999998,18.46274,8.975404777868961,6.1301894189143,27.9546376333205,3.8176569191837997
Heavily indebted poor countries (HIPC),1999,13.301315138788098,5.903955612953809,4.32687319465029,6.14982351039464,301.70765134168096,68.0752281050142,81.87226974696921,0.417263397800271,44.740110538476706,51.6770673118791,57.862470536172296,138700000.0,10.983523823378999,2.7707444393132206,50.210651994165495,49.7893480058346,71.7099008014248,2.07932040903397,1.0403729574784302,3.97362334676038,37.4790433676427,37.22808,330935412.0,71.7583216131206,2.3612877913956805,63.4249,77.36208,17.30576,19.07733,9.13525273198196,6.27001479332561,28.241678386879396,3.8260059416525696
Heavily indebted poor countries (HIPC),2000,13.171854043559401,5.87337135601724,4.2952911212202896,6.085623662099321,297.790757469344,70.44466655956259,82.1404730047474,0.39608852502192105,44.8795500421336,52.0825407070356,60.51608383290979,139300000.0,10.6968964595325,2.80724899106647,50.2020473315185,49.7979526684815,70.96017085624929,2.0169083991640298,1.02208492265716,3.9487206244535,36.616124509959604,37.64247,338842885.0,71.466688527501,2.38943090200333,66.13951,79.75576,18.00904,19.89256,9.1205818147894,6.33121910895751,28.533311472498998,3.86886876672835
Heavily indebted poor countries (HIPC),2001,13.0495239046903,5.88184666762417,4.261667336207251,6.018095772548139,292.530139725151,71.0419982206696,82.4036478075118,0.376937650752458,44.963657618432705,52.554490946397706,62.3902226022576,139800000.0,10.3981956356372,2.84880365730851,50.193097087993706,49.806902912006294,70.25048267596699,1.944185670413,0.9961314135946558,3.89469171749204,35.7403775048696,39.705059999999996,346925917.0,71.14473855610491,2.3854808106712997,69.50583,83.29767,18.9049,20.38019,8.98385455808408,6.32989338170838,28.855261443895103,4.009277096408169
Heavily indebted poor countries (HIPC),2002,12.933331562764,5.87365600485146,4.22616601302365,5.94827673154049,296.093965846454,71.53703266116379,82.67935752232108,0.355372632126187,45.026562543174,53.09761173945479,67.41372399235189,140400000.0,10.0980133668638,2.87628401738999,50.184019761124496,49.815980238875504,69.6075932600112,1.87259612319053,0.9664171056568649,3.81778910732567,34.8727388512539,41.66967,355240024.0,70.8129474810265,2.3965078976789203,74.58953000000001,89.25952,19.880129999999998,21.30076,8.610385265382419,6.138598582780481,29.1870525189735,4.05920684498126
Heavily indebted poor countries (HIPC),2003,12.7176944502287,5.855117315756379,4.18886748307645,5.8758416139162195,317.09506788320203,74.0065098575172,82.94415759026309,0.333812408815534,45.077084867908795,53.70907720204799,70.1720921008274,140000000.0,9.769048350247779,2.8910643431979,50.175552581968695,49.824447418031305,69.0237968234732,1.7841037572766398,0.9393613111531111,3.71941727168923,33.8995779513874,43.4904,363690270.0,70.4603503221594,2.37874266104654,78.36437,92.57826999999999,20.88524,22.04243,8.54631366208154,6.12876597983492,29.5396496778406,4.13404724826414
Heavily indebted poor countries (HIPC),2004,12.505209379737199,5.832844618327191,4.14979250737454,5.800843483913879,364.089264271725,76.13841314321071,83.2405625187113,0.311178051653078,45.145018467800796,54.37887949629479,74.5626410174798,139100000.0,9.4627602913449,2.88807945683594,50.1685911727081,49.8314088272919,68.3943144570336,1.71471488280168,0.8973323244415929,3.62763036516909,32.7486084562043,44.9814,372272722.0,70.0985880625412,2.35982447372045,81.05144,96.08613000000001,21.78707,23.35386,8.13608265948103,5.9572640929125,29.9014119374588,4.14811578292237
Heavily indebted poor countries (HIPC),2005,12.294549388194099,5.81048083887279,4.10890797836038,5.72300176073074,414.39775274895896,79.4303687636665,83.5202306845695,0.293945286363515,45.200172427148196,55.09235917204921,76.5298249346552,137900000.0,9.15336143224267,2.87327958271311,50.163541370819104,49.836458629180896,67.7117268289041,1.63238320345414,0.8682004855460341,3.5230032586538,31.5944755367802,47.51558,380906317.0,69.72100644154861,2.31915864090628,84.80726,97.65039,23.1424,24.48365,7.78134031913697,5.77308828336992,30.2789935584515,4.17231844047208
Heavily indebted poor countries (HIPC),2006,12.083595928121099,5.83779267124671,4.0662008160084495,5.6417438221131695,460.276514420058,80.55843722074529,83.81216813758701,0.278344951008162,45.3018518622567,55.8324070074543,77.9833296182429,136600000.0,8.83212309767618,2.85638619686446,50.1607477927579,49.8392522072421,66.91848325470299,1.57171606947397,0.8413753716889549,3.4333048366248,30.415550607461,50.313359999999996,389623001.0,69.3360019235975,2.288406259222,87.96594,99.61950999999999,24.60281,26.21227,8.08158818730119,5.9332210572947,30.663998076402603,4.16422796951825
Heavily indebted poor countries (HIPC),2007,11.874644727628,5.85766785376387,4.02197981886479,5.558556269037029,523.044770305626,82.3905659245034,84.1225662638005,0.264975116565901,45.383895125978405,56.5766165423071,79.2044943405324,135500000.0,8.51958284817429,2.84366337343005,50.1595335570171,49.8404664429829,65.9345383782225,1.50530802606838,0.8167064345470029,3.33706103292945,29.397020974142,52.87519,398410297.0,68.939356634886,2.25533296993419,90.41275,101.74767,26.32961,27.66667,7.68737086371272,5.7432080658808,31.060643365114004,4.17396865051818
Heavily indebted poor countries (HIPC),2008,11.632517509207199,5.87000508568799,3.97662491905619,5.47433343538637,613.707386289505,82.8074151802156,84.3591417278314,0.25222617014042703,45.458412298955096,57.304230859626706,81.25523901841851,134900000.0,8.23079009284341,2.8333552656566603,50.158153065826305,49.841846934173695,64.9183455784581,1.43925922209273,0.802606639100985,3.2783900869103904,28.479588382210697,56.768719999999995,407164629.0,68.5129565898928,2.19731569839421,94.49271999999999,105.18505,28.3661,29.629409999999996,7.812373722486969,5.87151677113962,31.4870434101073,4.2450503834032
Heavily indebted poor countries (HIPC),2009,11.3881555384886,5.87455616669597,3.93052238341273,5.38938185050359,667.164649576201,84.3199544547895,84.5976644472761,0.23851708395347898,45.5137193117638,57.9991598192599,85.52168857565121,134200000.0,7.94487837201424,2.8268153748642795,50.154457635762604,49.845542364237396,63.8764694618649,1.40128862924277,0.784996011703198,3.2130668261991002,27.605808395384898,58.964769999999994,416042214.0,68.0822156218414,2.18034288042246,95.07623000000001,104.44681,30.168290000000002,30.94615,7.782023049388651,5.76587536041008,31.917784378158697,4.23348100484577
Heavily indebted poor countries (HIPC),2010,11.140975312792701,5.872519959340759,3.88418763029552,5.30437735688767,703.699491484158,85.5863274973013,84.8202430910852,0.223987309006008,45.5398129833356,58.648520635222,82.6480755989482,132700000.0,7.67239982533687,2.8221204492741205,50.1472065185858,49.8527934814142,62.847933283650704,1.3453581752292498,0.7605286572575949,3.14745864972252,26.6856541627963,60.06469,425048552.0,67.64695708365029,2.1647654245008896,95.48759,104.05711,31.863090000000003,32.06512,7.9085442462699005,5.814056200516879,32.3530429163497,4.22429127084327
Heavily indebted poor countries (HIPC),2011,10.8899773285308,5.8822339596215,3.8379174656006,5.21890035259469,738.8275974024451,83.2637126886089,85.1320187812092,0.214308813240279,45.559630777215396,59.246080875681,80.46660496117471,131600000.0,7.350909811146481,2.8162166304565095,50.1360851820693,49.863914817930606,61.8573390150488,1.30413259164849,0.744851332506299,3.08086225420573,25.8089496809737,60.856359999999995,434184529.0,67.20822935635961,2.14939610004836,95.81094,103.96070999999999,33.23225,32.71697,7.994286488766191,5.77965145272875,32.7917706436405,4.2104712518042895
Heavily indebted poor countries (HIPC),2012,10.6371074124912,5.88319660979574,3.7920024176458704,5.13375147431132,789.970373102934,86.59925835553369,85.70031577325409,0.20136153188428801,45.541918198253796,59.7981248248856,78.19485686166959,130100000.0,7.132309050623389,2.80714874543608,50.1220413524698,49.8779586475302,70.60532676610813,1.25442842095926,0.7356832052648421,3.00543447259254,25.058607042873,61.90116999999999,443431308.0,66.7653523423023,2.12968873425706,97.19888,104.93575,34.321459999999995,33.45345,8.00085784114416,5.72832178276854,33.2346476576977,4.19563389325937
Heavily indebted poor countries (HIPC),2013,10.3603604037968,5.87799706653334,3.74662859157374,5.04934528388467,837.395818284476,84.2312220267637,85.9700541405542,0.18749892314348002,45.54631078045871,60.310825680011796,79.38819772245719,130800000.0,6.838576336775169,2.79542736845858,50.106643763714295,49.893356236285705,70.60532676610813,1.2194082303603602,0.71587038600462,2.94579285119339,24.565055487063397,62.105830000000005,452779793.0,66.31900935879001,2.1082149210808603,97.41167,104.7314,34.911970000000004,33.70385,7.67519059759435,5.6363522727685,33.680990641209995,4.17597399168737
Heavily indebted poor countries (HIPC),2014,10.0842824049232,5.869070068527759,3.7020419163310896,4.9659256515643895,864.153753007123,85.29728291349409,86.1312959436264,0.17445061973981799,45.528135198538706,60.785483613881205,82.02605929275771,132600000.0,6.62679788948689,2.78061417629453,50.0918959706608,49.9081040293392,70.60532676610813,1.17378583039444,0.705918531813273,2.8839613732750697,24.250290724531197,36.63042,462209741.0,65.8686678861619,2.08267863225954,58.489090000000004,75.52427,14.926870000000001,21.671595,7.724353097020531,5.65833805394966,34.1313321138381,4.15487286494947
Least developed countries: UN classification,1975,15.103348370688602,5.697742837165401,4.65326275718833,6.72738361239952,326.1730826684145,72.2763830874826,80.5687211528334,0.23521480047254897,44.2779235351289,45.669827611895,60.90452411783815,190650000.0,9.96500793320272,2.39596292070033,50.2416387743952,49.7583612256048,67.66784639667489,1.22394403757679,0.718592219163296,2.2050209729981,32.63558799049835,27.362790000000004,297085070.0,85.53424434681929,2.51398489907264,47.29572,73.77643,8.86167,22.84967,7.224118389704795,5.221962122892199,14.465755653180699,1.7036297662364701
Least developed countries: UN classification,1976,15.1099889552269,5.76923651937367,4.64207216024096,6.71267675358567,326.1730826684145,72.2763830874826,80.5687211528334,0.23521480047254897,44.2779235351289,46.14372543444671,60.90452411783815,190650000.0,9.96500793320272,2.4502747405292995,50.2502445229957,49.7497554770043,67.66784639667489,1.22394403757679,0.718592219163296,2.2050209729981,32.63558799049835,27.86683,302657536.0,85.0545524080228,1.87571391588276,49.75977,76.74566999999999,8.98451,22.84967,7.224118389704795,5.221962122892199,14.945447591977198,5.847582671798119
Least developed countries: UN classification,1977,15.116824676378599,5.81709729458584,4.63131672294694,6.69577149282385,326.1730826684145,72.2763830874826,80.5687211528334,0.23521480047254897,44.2779235351289,46.659009339358704,60.90452411783815,190650000.0,9.96500793320272,2.49344538420819,50.259032280462705,49.740967719537295,67.66784639667489,1.22394403757679,0.718592219163296,2.2050209729981,32.63558799049835,27.2246,308377728.0,84.55377142762859,1.88998829356754,52.39646,77.62982,8.838330000000001,15.230739999999999,7.224118389704795,5.221962122892199,15.4462285723714,5.927719982294691
Least developed countries: UN classification,1978,15.0543505642457,5.84491845480618,4.62010925843095,6.6760824173165405,326.1730826684145,72.2763830874826,80.5687211528334,0.23521480047254897,44.2779235351289,47.185166252741006,60.90452411783815,190650000.0,9.96500793320272,2.5251145098814103,50.265890248564396,49.734109751435604,67.66784639667489,1.22394403757679,0.718592219163296,2.2050209729981,32.63558799049835,28.21835,314224346.0,84.03487261351229,1.8959274516738103,54.25552,78.89025,9.06075,15.955879999999999,7.224118389704795,5.221962122892199,15.965127386487698,5.9693298110472695
Least developed countries: UN classification,1979,14.9876993406413,5.8558583129174995,4.60748608762918,6.6521890543251105,326.1730826684145,72.2763830874826,80.5687211528334,0.23521480047254897,44.2779235351289,47.6973986613342,60.90452411783815,190650000.0,9.96500793320272,2.53983852273541,50.268268668031205,49.731731331968795,67.66784639667489,1.22394403757679,0.718592219163296,2.2050209729981,32.63558799049835,29.07681,320287039.0,83.5346097819116,1.9294154247360602,55.80733000000001,80.51165,9.47259,16.8735,7.224118389704795,5.221962122892199,16.4653902180884,5.75289314254593
Least developed countries: UN classification,1980,14.915843418145801,5.852104314003809,4.592400179803099,6.62241141010783,326.1730826684145,72.2763830874826,80.5687211528334,0.23521480047254897,44.2779235351289,48.180143573106896,60.90452411783815,190650000.0,9.96500793320272,2.54386429774833,50.26480033860479,49.73519966139521,67.66784639667489,1.22394403757679,0.718592219163296,2.2050209729981,32.63558799049835,29.873829999999998,326232029.0,82.9743773124929,1.8561444192563998,57.85671,82.17985999999999,10.43793,18.27388,7.224118389704795,5.221962122892199,17.0256226875071,6.03290474000787
Least developed countries: UN classification,1981,14.8292755534732,5.89399085972193,4.573904977275751,6.584879652423671,326.1730826684145,24.7933868537503,80.5687211528334,0.23521480047254897,44.2779235351289,48.6315169397275,7.0468665492669205,190650000.0,9.96500793320272,2.54715333094462,50.2545797662557,49.7454202337443,67.66784639667489,1.22394403757679,0.718592219163296,2.2050209729981,32.63558799049835,30.997040000000002,332581477.0,82.4882052563286,1.94629816681795,59.41515,81.71558,10.213569999999999,17.96837,7.224118389704795,5.221962122892199,17.511794743671402,5.47542116943771
Least developed countries: UN classification,1982,14.740751446002701,5.91122409623892,4.55144415516091,6.53991187343547,326.1730826684145,26.088391870796798,80.5687211528334,0.23521480047254897,44.2779235351289,49.061878624302395,9.74437466383331,190650000.0,9.96500793320272,2.5569330155444305,50.2390110160392,49.7609889839608,67.66784639667489,1.22394403757679,0.718592219163296,2.2050209729981,32.63558799049835,32.13973,339729154.0,82.16021936462641,2.14915065759962,60.398680000000006,80.69748,11.194230000000001,18.75631,7.224118389704795,5.221962122892199,17.8397806353736,4.477766087268139
Least developed countries: UN classification,1983,14.6089024696174,5.90713459913236,4.52481574132796,6.48723070596057,326.1730826684145,28.9281503612189,80.5687211528334,0.23521480047254897,44.2779235351289,49.477969682204,11.3471943877609,190650000.0,9.96500793320272,2.5722275566830297,50.221693766163206,49.778306233836794,67.66784639667489,1.22394403757679,0.718592219163296,2.2050209729981,32.63558799049835,33.45342,346973502.0,81.8079094706667,2.13238926206492,59.68703000000001,82.02359,12.071760000000001,19.57323,7.224118389704795,5.221962122892199,18.1920905293333,4.597880839726661
Least developed countries: UN classification,1984,14.4720042919864,5.88553319283609,4.493963097170079,6.42736582540313,326.1730826684145,29.5726242646533,80.5687211528334,0.23521480047254897,44.2779235351289,49.87937337019521,14.3076477136506,190650000.0,9.96500793320272,2.59477205745978,50.20717238513921,49.79282761486079,67.66784639667489,1.22394403757679,0.718592219163296,2.2050209729981,32.63558799049835,36.08538,354310570.0,81.4250182594763,2.11459029514019,60.183530000000005,80.31363,12.758239999999999,19.779,7.224118389704795,5.221962122892199,18.574981740523697,4.7540986878512
Least developed countries: UN classification,1985,14.3310682836416,5.84952789094019,4.4589584069549,6.360360088830331,326.1730826684145,33.7247211402319,80.5687211528334,0.23521480047254897,44.2779235351289,50.25689579607929,16.6611883984281,190650000.0,9.96500793320272,2.6219123781073703,50.198142483902394,49.801857516097606,67.66784639667489,1.22394403757679,0.718592219163296,2.2050209729981,32.63558799049835,34.73757,361787118.0,81.01897573984691,2.1101679241463103,58.24096,78.49767,12.66727,19.4537,7.224118389704795,5.221962122892199,18.9810242601531,4.86518780485608
Least developed countries: UN classification,1986,14.1852294237949,5.90060216768412,4.42015719748573,6.28692682909746,326.1730826684145,36.518550995619606,80.5687211528334,0.23521480047254897,44.2779235351289,50.599322881906396,20.2565642324032,190650000.0,9.96500793320272,2.64391597006511,50.195928834761105,49.804071165238895,67.66784639667489,1.22394403757679,0.718592219163296,2.2050209729981,32.63558799049835,35.27519,369476119.0,80.6096080402785,2.12528324460686,58.41117,78.16226999999999,13.02851,19.16227,7.224118389704795,5.221962122892199,19.3903919597215,4.85765806223864
Least developed countries: UN classification,1987,14.0374814734115,5.9346781489811695,4.37858379739235,6.208839339057009,326.140768155438,46.4894981108668,80.5687211528334,0.23521480047254897,44.2779235351289,50.9029947205783,23.2349187143708,190650000.0,9.96500793320272,2.66274126826103,50.198705712244795,49.801294287755205,67.66784639667489,1.22394403757679,0.718592219163296,2.2050209729981,32.63558799049835,35.35406,377369757.0,80.19636321269431,2.13644065044431,57.83192,76.44541,13.206620000000001,19.20266,7.224118389704795,5.221962122892199,19.8036367873057,4.850674707712139
Least developed countries: UN classification,1988,13.8654650546849,5.95322033315758,4.335336288036009,6.12758254818125,341.527777244165,51.7217312990294,80.5687211528334,0.23521480047254897,44.2779235351289,51.171372090709,28.9846303518532,190650000.0,9.96500793320272,2.6884846534149998,50.2023493769903,49.7976506230097,67.66784639667489,1.22394403757679,0.718592219163296,2.2050209729981,32.63558799049835,35.242,385476937.0,79.77452685565959,2.14833855909656,60.374219999999994,78.32651,13.52051,19.2044,7.224118389704795,5.221962122892199,20.2254731443404,4.87584812798643
Least developed countries: UN classification,1989,13.7028771257307,5.95737156271691,4.29124624302203,6.04444805482971,328.168104587616,63.679070641871995,80.5687211528334,0.23521480047254897,44.2779235351289,51.4160683242362,37.2545402571905,190650000.0,9.96500793320272,2.72270585953439,50.20157560920771,49.79842439079229,67.66784639667489,1.22394403757679,0.718592219163296,2.2050209729981,32.63558799049835,34.94325,393895974.0,79.35621130587029,2.1840572526911,59.85645,77.00967,13.74138,19.05875,7.224118389704795,5.221962122892199,20.643788694129697,4.84727602161756
Least developed countries: UN classification,1990,13.551194845759301,5.948774092792929,4.247414965470011,5.96164574122635,316.621502624605,75.2562331400937,79.869429858207,0.310903021557714,44.254144175793,51.65904209568521,49.155104481771005,190650000.0,14.674123657870801,2.75870737930539,50.1933391154618,49.8066608845382,75.30622762032209,1.15012804074618,0.689674772038936,1.7004459773902199,32.63558799049835,36.02864,402545815.0,78.92163462942341,2.1959709088065003,59.32914,75.34075,13.480770000000001,18.57114,7.224118389704795,5.221962122892199,21.078365370576602,4.92190695954365
Least developed countries: UN classification,1991,13.405940255469801,5.991664144541559,4.20483287407677,5.87999398803687,317.899406490587,65.3182037783427,79.1979323273215,0.31487041225760803,44.2779235351289,51.9251113371314,50.3948329556979,182300000.0,13.3267969452359,2.7971486335713704,50.176648649027605,49.823351350972395,74.8425261408744,1.22394403757679,0.7203766403129891,1.8488216323129698,40.9056899668903,37.1457,411670351.0,78.51439220477769,2.2667074553985898,61.42431,76.82103000000001,14.461839999999999,19.55181,7.09968839463758,5.24149064123337,21.4856077952223,4.7832268926278205
Least developed countries: UN classification,1992,13.270600381711699,6.018133116989981,4.16393016758156,5.80209332138263,298.06995429899604,65.7440080221383,79.25198354458409,0.315048739932313,44.2392309442641,52.2293334498034,50.0065843997822,191300000.0,13.2038157899927,2.8228799879595097,50.1539548992563,49.8460451007437,74.3751579464915,1.27956882646529,0.7406180780878371,1.98582188002399,41.451055943754604,37.12975,421220309.0,78.13025154696192,2.31980709244712,61.58922,76.56577,15.34118,20.24645,7.01512923838528,5.14166064882548,21.869748453038103,4.66124840560971
Least developed countries: UN classification,1993,13.1317126955398,6.03127391580876,4.124608887844889,5.7272697079763795,284.764763390289,67.92590889010769,78.4403031982039,0.311813515782692,44.1906241524782,52.5735488697503,51.841979762931096,198100000.0,13.0738491124175,2.8185522266163,50.12973691832249,49.87026308167751,73.8110834711499,1.32362199535957,0.758021612237712,2.1125528412538,41.878371385343,38.304829999999995,431022711.0,77.7568375420348,2.32714372753571,62.20109,76.84491,16.06145,20.87549,6.90606510738189,5.14484505268066,22.243162457965198,4.57412200812061
Least developed countries: UN classification,1994,12.982120300756398,6.034563943428051,4.0866010761989795,5.65478156108316,259.549300494859,71.1302910792387,78.4808084780705,0.30685193540621897,44.1318170290418,52.949001281164506,55.809377090507496,206100000.0,12.9751980591031,2.7780056590537296,50.109623791027296,49.890376208972704,73.1958340627786,1.35659318920006,0.777198401853876,2.2050209729981,42.623235778525796,38.013259999999995,441154944.0,77.43359096392959,2.35074225589938,63.346030000000006,77.7067,17.023429999999998,21.79245,7.12469050483186,5.236701798006731,22.5664090360704,4.27161751879295
Least developed countries: UN classification,1995,12.818063417424,6.03088502780585,4.04939027834125,5.583543173069639,268.591272814567,72.6344936945698,78.64289371368571,0.298613163392569,44.0475705916228,53.348003893537104,59.6202031359976,211000000.0,12.6988275719808,2.71518813543432,50.097030038068894,49.902969961931106,72.4568215063693,1.38295870709063,0.7789068535175921,2.29630166506236,42.5413424505376,38.50143,451295148.0,77.11950798986341,2.29855839493891,64.70929,80.16966,18.7555,22.84967,7.37869334642141,5.26899888388105,22.8804920101366,4.1447969333591494
Least developed countries: UN classification,1996,12.6435292357919,6.071376543958469,4.01245926011127,5.510246037905341,279.270458523837,70.4776608786897,78.88496783826649,0.292757068983718,44.012253026528505,53.7664582971346,59.391766287067206,213300000.0,12.361386429737802,2.64449633169505,50.093035623931705,49.906964376068295,71.6516910147855,1.3934697006083403,0.7858690668963639,2.35128081643839,41.8494149470416,39.12251,461358833.0,76.8080529217779,2.2299563920860095,65.24741,80.8376,19.81606,23.426679999999998,6.93253080194165,5.0609441169655796,23.191947078222103,4.04171783206213
Least developed countries: UN classification,1997,12.4555861734821,6.09769874622471,3.97530581447987,5.43690022323342,290.885358651307,70.7976911128718,79.07356146721091,0.282897860334428,44.031506190522,54.201109386354396,61.019444191389105,212400000.0,12.015889878218902,2.58518835963157,50.0956614105716,49.9043385894284,70.74955849583921,1.37825503433433,0.7697816481857959,2.40577850243954,40.6868871105684,39.468270000000004,471314205.0,76.48808407029101,2.15783708643116,67.88497,83.53403,20.82611,23.83147,7.194707590037059,5.19459566557714,23.511915929709,4.00050803328895
Least developed countries: UN classification,1998,12.265827693823798,6.111593365083441,3.9375391641416706,5.36288721654312,289.579032801659,69.81594778164761,79.3543711736393,0.275026586346437,44.0386383487578,54.650017827261,60.7896040442872,210400000.0,11.6349917876824,2.54673268931668,50.1015271289624,49.898472871037505,69.8284212146027,1.37481469887692,0.772895597552667,2.43354869023689,39.2276121597904,39.89312,481339913.0,76.175147081528,2.12718137786661,69.36404,84.71172,22.29319,24.5984,7.18913109066632,5.09780737855438,23.824852918472,3.9116013220239
Least developed countries: UN classification,1999,12.0824120042806,6.11324224987416,3.8993011380218396,5.28878276144554,288.919513127016,71.9182724803954,79.6484962133686,0.26873434975955396,44.0647712777243,55.1130501019996,61.384215255654105,206400000.0,11.2388467914518,2.5360408260881804,50.10619202780911,49.89380797219089,68.8913478693976,1.3571945495017999,0.761440103831605,2.4505535062363504,37.5553965763555,41.34259,491512367.0,75.8611344542344,2.11336183126787,69.92187,83.38214,23.370279999999998,25.20565,7.26715020972575,5.11837148356352,24.1388655457656,3.88747141377583
Least developed countries: UN classification,2000,11.9138023859629,6.1033721759641395,3.8604986191340793,5.21493387457497,294.694508847012,73.66461078197041,79.94443731492929,0.258913098377412,44.1185970868253,55.5939799505659,64.4774986450946,202000000.0,10.815604937086999,2.5428568084636,50.10693105797029,49.89306894202971,68.05879163884279,1.34115511146274,0.7612048392540971,2.4587356780679803,35.8838866513631,42.26828,501869532.0,75.5388382379657,2.10720333716445,72.38266,85.42313,24.65677,26.04522,7.42463375001783,5.2100167380013795,24.4611617620343,3.91198355889848
Least developed countries: UN classification,2001,11.7664902414665,6.13074703915681,3.82090682945332,5.14030335816355,297.613232014248,73.8366765512957,80.2605223786487,0.24889899521317502,44.2064904493427,56.099739491844396,66.5027775171074,198700000.0,10.392454949783401,2.55520055765406,50.102639378803204,49.897360621196796,67.276901154507,1.31614705914613,0.756032617344227,2.43801511247245,34.4442752658313,44.1399,512140143.0,75.16412360648259,2.04647031651245,74.93219,87.64356,25.73195,26.77342,7.342280924095711,5.24633706298434,24.8358763935174,4.1262171721521
Least developed countries: UN classification,2002,11.635027985988899,6.14253657417105,3.7805340915689705,5.06588936221268,304.958843687289,74.75182652495741,80.5687211528334,0.23521480047254897,44.249962459783795,56.635375358035795,70.97103348372741,196100000.0,9.96500793320272,2.55847062457286,50.09494610042751,49.90505389957249,66.5812619369593,1.2856455916806397,0.742634730446838,2.42010327175792,33.2304108070599,46.117740000000005,522399864.0,74.75724766078909,2.0033034200172,79.57996999999999,92.56524,27.14002,27.84008,7.09427178829785,5.1485057931207105,25.242752339210895,4.23864718902571
Least developed countries: UN classification,2003,11.457113315710899,6.1448032854566,3.7393534580362,4.9911004633592695,326.205397181391,75.763405309757,80.86433161636799,0.221610535542214,44.310971699249805,57.2012772237608,73.1287157255062,193300000.0,9.5052186212836,2.54711445443303,50.0870641263976,49.9129358736024,65.9515012761988,1.24124361054767,0.718592219163296,2.3770971664972995,32.0407651739368,48.03866,532641976.0,74.3296672166522,1.96058856554373,83.16232,95.71353,27.71844,28.340690000000002,7.2860871097763,5.326839145747309,25.670332783347803,4.2841302846095894
Least developed countries: UN classification,2004,11.2805759184365,6.14385655348356,3.6974019291021905,4.91560635410841,373.718756451598,78.457253860631,81.16770352784,0.207956120330436,44.35425267875301,57.7917742111757,76.83350027628659,190000000.0,9.08023054497716,2.51641232577914,50.0831605601649,49.9168394398351,65.2903936716729,1.21449703478692,0.6906348861551569,2.32972251916887,30.745071456142,49.85049,542826421.0,73.89148243040059,1.9120620339543102,85.56566,98.49781,27.561629999999997,29.10657,7.191767944891571,5.21007406398784,26.1085175695994,4.26633732871096
Least developed countries: UN classification,2005,11.1000055270543,6.143133903093299,3.6546113040891397,4.839191901604151,427.26460574189497,79.7874964738109,81.4653335907635,0.197074975736737,44.42061586137079,58.39937937596989,78.03972543188591,186600000.0,8.63087573634758,2.4731130347132204,50.0856332349586,49.9143667650414,64.61653532618611,1.16821758544289,0.664282641322538,2.2824972771414,29.5369578562711,52.516259999999996,552847811.0,73.43939133818641,1.8461500052887199,88.89218000000001,99.66920999999999,28.58281,29.3948,7.32463294638505,4.9867123701874805,26.560608661813603,4.24752355434244
Least developed countries: UN classification,2006,10.9180990206858,6.187898119892269,3.6109846667953205,4.76083242268272,483.149319000783,81.2844973218972,81.7789184592225,0.18689731402531698,44.53120688081879,59.015322577887495,79.4214288142038,183500000.0,8.17461452278301,2.42927282739541,50.0952196461401,49.9047803538599,63.8355333305947,1.13110626176002,0.6458292717438979,2.2455203107473,28.357092538614303,54.73835,562738203.0,72.9803236653982,1.78898999023079,91.98607,101.56136,29.794629999999998,30.741390000000003,7.346765255279571,5.19688084894631,27.019676334601805,4.19963817983545
Least developed countries: UN classification,2007,10.7319356673183,6.22437122337888,3.5669069485551796,4.68288237272577,559.212258864451,83.2730301092354,82.109984631226,0.17814668161277,44.6285288551206,59.627731559261,80.1363644212901,180700000.0,7.745731130582781,2.3943752831888903,50.109904202184296,49.890095797815704,62.8777615783654,1.0914901839334799,0.623254502003148,2.1986767471224,27.3647066312353,56.25851,572525349.0,72.513355871282,1.73920056392546,94.05079,103.13235999999999,30.893520000000002,31.63252,7.08674769274392,5.10200626275363,27.486644128717998,4.16400648143804
Least developed countries: UN classification,2008,10.527508150716901,6.25171262970799,3.5226777707519203,4.60617691411369,651.2420955241,83.5938246467838,82.36832319761291,0.17068897172302802,44.7283338714568,60.2259394751625,81.51376345168009,178200000.0,7.319247617915139,2.3750416205066402,50.12598671600821,49.87401328399179,61.898803185019396,1.0550341952568199,0.6162316262816221,2.17728504963533,26.4196002500697,58.33745,582157698.0,72.0227727870288,1.68243188128253,97.03532,105.57542,32.48152,32.66172,7.192094589643741,5.2338501817965595,27.9772272129713,4.20223651863361
Least developed countries: UN classification,2009,10.3175765719419,6.26882315815187,3.47859218555039,4.53124838187148,716.564201539982,85.05021987729059,82.6646230999135,0.16038933780819,44.8271382977498,60.801344708906,85.6451595069835,176200000.0,6.8921936443588905,2.3755670264670803,50.13872651189,49.86127348811,60.920073687062505,1.0275306548564,0.59884955299881,2.15167522765257,25.551262818685398,61.250890000000005,591881638.0,71.5266259914142,1.67032747886124,98.22516,105.94516999999999,34.185559999999995,33.96706,7.37992859826947,5.2876000091285995,28.4733740085858,4.19109030579585
Least developed countries: UN classification,2010,10.1038994360189,6.276675679038581,3.43518677786845,4.45811117963936,760.637792029763,86.4545775697671,82.9563783053921,0.15212700155108702,44.9021478565442,61.345706290201505,83.1786534443917,173200000.0,6.492439607204571,2.38862099946098,50.1451241932299,49.8548758067701,59.9170128666117,0.9886998954837429,0.5771668854527421,2.11386283356094,24.6780326532223,62.68009,601767958.0,71.0248358979975,1.6703204433586498,99.16167,106.10212,36.175990000000006,34.83214,7.22911248594558,5.30139565949465,28.975164102002502,4.19303008903482
Least developed countries: UN classification,2011,9.884960860738952,6.30105650646441,3.3929736509028396,4.38635445577075,803.8665055697321,84.7396521822583,83.1785406081236,0.145389960136165,44.9379341354369,61.8545522051216,81.38085328079829,171800000.0,6.37223456356761,2.40800420804783,50.144464115092106,49.855535884907894,58.9561260088872,0.9641318443788771,0.565683755858836,2.08139968270046,23.9542860637915,64.66529,611865798.0,70.51856338007441,1.67802885909056,100.56232,108.27261000000001,37.475609999999996,35.15231,7.3461051844426,5.28851354794785,29.481436619925603,4.197342772459311
Least developed countries: UN classification,2012,9.66562678961296,6.3154538194622,3.3522599561873,4.31734882096694,869.2239132126421,86.6616858783086,83.7389639968902,0.13742112269004902,44.9489830513947,62.33010210687161,79.190261498143,171400000.0,6.01084080629719,2.4134090768929197,50.1383650860499,49.8616349139501,67.66784639667489,0.9261373533447191,0.560408412409678,2.0439297879933402,23.3761833519466,65.418,622104381.0,70.00897386923721,1.6733380152096498,101.24502,108.66131999999999,38.777229999999996,35.9895,7.387007366032,5.268891787333049,29.9910261307628,4.1836330791732905
Least developed countries: UN classification,2013,9.45000317062944,6.32283475837808,3.31320913030455,4.2518368225042495,932.0311075042509,84.62731495098909,84.39855708777459,0.12929183177478998,44.9633710236923,62.775383727968794,80.2349252206732,172200000.0,5.76286348140362,2.41467555474352,50.128840199391206,49.871159800608794,67.66784639667489,0.903691613846323,0.54124849831482,2.01866393573066,22.962852538120604,65.49834,632467023.0,69.497013975642,1.6657400777893099,101.19568000000001,108.51512,39.110009999999996,36.051190000000005,7.23069966360679,5.2647372439835705,30.502986024358,4.16293864930503
Least developed countries: UN classification,2014,9.23222371914058,6.3254973099923495,3.2759198280478303,4.18913166669415,967.101432514164,85.4770969009294,84.57905301001979,0.120454672128297,44.95741085280989,63.1904459418545,82.6499396452231,173600000.0,5.51824943350979,2.40548837952966,50.11866307516279,49.88133692483721,67.66784639667489,0.873811218140853,0.535299629991963,1.98558186084345,22.646085753554,38.304829999999995,642877324.0,68.98157958320691,1.64598320883522,63.346030000000006,81.71558,17.023429999999998,22.84967,7.219124293464009,5.2608365771612,31.018420416793102,4.1359203244625
